2021-03-01 12:00:00,3
2021-03-02 12:00:00,4
2021-03-03 12:00:00,5
2021-03-04 12:00:00,4
2021-03-07 12:00:00,9
2021-03-08 12:00:00,3
2021-03-09 12:00:00,5
2021-03-10 12:00:00,2
2021-03-11 12:03:00,4
2021-03-12 12:00:00,2
2021-03-13 12:00:00,4
2021-03-14 12:00:00,3
2021-03-15 12:00:00,
2021-03-16 12:00:00,
2021-03-17 12:00:00,3
2021-03-18 12:00:00,6
2021-03-19 12:00:00,1
2021-03-20 12:00:00,7
2021-03-21 12:07:23,4
2021-03-22 12:00:00,5
2021-03-23 12:00:00,9
2021-03-24 12:00:00,5
2021-03-25 12:00:00,5
2021-03-26 12:00:00,5
2021-03-27 12:08:00,5
2021-03-28 12:00:00,6
2021-03-29 12:00:00,2
2021-03-30 12:00:45,4
2021-03-31 12:00:00,20
2021-04-01 12:00:00,7